# smartcar_remote - ESP32-S3-WROOM-1-N16R8, 16 MB flash
# Single factory app: no A/B OTA on the remote (OTA is phone -> C6 -> TC275,
# per doc/ESP32-S3-LCD-EV-Board v1.5 spec section 113/114).  Plenty of room
# for LVGL assets later.
# Name,     Type, SubType,  Offset,   Size,  Flags
nvs,        data, nvs,      0x9000,   24K,
phy_init,   data, phy,      0xf000,   4K,
factory,    app,  factory, 0x10000,   6M,
coredump,   data, coredump,0x610000, 64K,
# Firmware staging regions (doc/08-architecture-v2.md §3): 4 KB SCFW header
# + payload, written from a PC with tools/stage_fw.py, streamed to the C6 by
# the S3 firmware-update page.
fw_c6,      data, 0x40,    0x620000, 0x310000,
fw_tc,      data, 0x41,    0x930000, 0x310000,
