1,0,500,0,1,905,40A00000
2,0,500,0,1,910,41200000
3,0,500,0,1,915,41700000
4,0,500,490,1,523,4171999A
5,0,500,498,1,516,4171999A
6,0,500,497,1,517,4171999A
7,0,500,496,1,518,41723D71
8,0,-500,0,1,-889,41223D71
9,0,-500,0,1,-894,40A47AE2
10,0,1000,-1000,1,1000,41C91EB8
11,0,1000,-1000,1,1000,42348F5C
12,0,1000,-1000,1,1000,428247AE
13,0,1000,-1000,1,1000,42AA47AE
14,0,1000,-1000,1,1000,42D247AE
15,0,1000,-1000,1,1000,42FA47AE
16,0,1000,-1000,1,1000,431123D7
17,0,1000,-1000,1,1000,432523D7
18,0,1000,-1000,1,1000,433923D7
19,0,1000,-1000,1,1000,434D23D7
20,0,1000,-1000,1,1000,436123D7
21,0,1000,-1000,1,1000,437523D7
22,0,1000,-1000,1,1000,438491EC
23,0,1000,-1000,1,1000,438E91EC
24,0,1000,-1000,1,1000,43960000
25,0,1000,-1000,1,1000,43960000
26,0,1000,-1000,1,1000,43960000
27,0,1000,-1000,1,1000,43960000
28,0,1000,-1000,1,1000,43960000
29,0,1000,-1000,1,1000,43960000
30,0,1000,-1000,1,1000,43960000
31,0,1000,-1000,1,1000,43960000
32,0,1000,-1000,1,1000,43960000
33,0,1000,-1000,1,1000,43960000
34,0,1000,-1000,1,1000,43960000
35,0,1000,-1000,1,1000,43960000
36,0,1000,-1000,1,1000,43960000
37,0,1000,-1000,1,1000,43960000
38,0,1000,-1000,1,1000,43960000
39,0,1000,-1000,1,1000,43960000
40,0,1000,-1000,1,1000,43960000
41,0,1000,-1000,1,1000,43960000
42,0,1000,-1000,1,1000,43960000
43,0,1000,-1000,1,1000,43960000
44,0,1000,-1000,1,1000,43960000
45,0,1000,-1000,1,1000,43960000
46,0,1000,-1000,1,1000,43960000
47,0,1000,-1000,1,1000,43960000
48,0,1000,-1000,1,1000,43960000
49,0,1000,-1000,1,1000,43960000
50,0,1000,-1000,1,1000,43960000
51,0,1000,-1000,1,1000,43960000
52,0,1000,-1000,1,1000,43960000
53,0,1000,-1000,1,1000,43960000
54,0,1000,-1000,1,1000,43960000
55,0,1000,-1000,1,1000,43960000
56,0,1000,-1000,1,1000,43960000
57,0,1000,-1000,1,1000,43960000
58,0,1000,-1000,1,1000,43960000
59,0,1000,-1000,1,1000,43960000
60,0,0,0,3,0,00000000
61,0,0,4,1,0,BD23D70A
62,0,-30,0,1,-54,BEAE147A
63,0,0,0,3,0,00000000
64,0,7,0,1,12,3D8F5C29
65,0,0,0,3,0,00000000
66,0,6,0,1,10,3D75C28F
67,0,0,0,3,0,00000000
68,0,333,0,0,333,00000000
69,0,333,0,1,602,40551EB8
70,0,0,0,3,0,00000000
71,0,-1000,1000,1,-1000,C1A00000
72,0,-1000,1000,1,-1000,C2200000
73,0,-1000,1000,1,-1000,C2700000
74,0,-1000,1000,1,-1000,C2A00000
75,0,-1000,1000,1,-1000,C2C80000
76,0,-1000,1000,1,-1000,C2F00000
77,0,-1000,1000,1,-1000,C30C0000
78,0,-1000,1000,1,-1000,C3200000
79,0,-1000,1000,1,-1000,C3340000
80,0,-1000,1000,1,-1000,C3480000
81,0,-1000,1000,1,-1000,C35C0000
82,0,-1000,1000,1,-1000,C3700000
83,0,-1000,1000,1,-1000,C3820000
84,0,-1000,1000,1,-1000,C38C0000
85,0,-1000,1000,1,-1000,C3960000
86,0,-1000,1000,1,-1000,C3960000
87,0,-1000,1000,1,-1000,C3960000
88,0,-1000,1000,1,-1000,C3960000
89,0,-1000,1000,1,-1000,C3960000
90,0,-1000,1000,1,-1000,C3960000
91,0,-1000,1000,1,-1000,C3960000
92,0,-1000,1000,1,-1000,C3960000
93,0,-1000,1000,1,-1000,C3960000
94,0,-1000,1000,1,-1000,C3960000
95,0,-1000,1000,1,-1000,C3960000
96,0,-1000,1000,1,-1000,C3960000
97,0,-1000,1000,1,-1000,C3960000
98,0,-1000,1000,1,-1000,C3960000
99,0,-1000,1000,1,-1000,C3960000
100,0,-1000,1000,1,-1000,C3960000
101,0,-1000,1000,1,-1000,C3960000
102,0,-1000,1000,1,-1000,C3960000
103,0,-1000,1000,1,-1000,C3960000
104,0,-1000,1000,1,-1000,C3960000
105,0,-1000,1000,1,-1000,C3960000
106,0,-1000,1000,1,-1000,C3960000
107,0,-1000,1000,1,-1000,C3960000
108,0,-1000,1000,1,-1000,C3960000
109,0,-1000,1000,1,-1000,C3960000
110,0,-1000,1000,1,-1000,C3960000
111,0,-1000,1000,1,-1000,C3960000
112,0,-1000,1000,1,-1000,C3960000
113,0,-1000,1000,1,-1000,C3960000
114,0,-1000,1000,1,-1000,C3960000
115,0,-1000,1000,1,-1000,C3960000
116,0,-1000,1000,1,-1000,C3960000
117,0,-1000,1000,1,-1000,C3960000
118,0,-1000,1000,1,-1000,C3960000
119,0,-1000,1000,1,-1000,C3960000
120,0,-1000,1000,1,-1000,C3960000
121,0,0,0,3,0,00000000
122,0,0,0,1,0,00000000
123,1,0,0,3,0,00000000
124,1,250,0,1,452,40200000
125,0,500,500,1,500,00000000
126,255,0,500,2,2,00000000
127,255,1000,-1000,2,998,00000000
128,255,5,7,2,7,00000000
129,255,-3,-900,2,-5,00000000
130,255,2,2,2,2,00000000
